x_val,y_val,step
21.740097045898438,4.752269744873047,5